<?xml version="1.0" encoding="UTF-8"?>
<ApexPage xmlns="http://soap.sforce.com/2006/04/metadata">
    <apiVersion>38.0</apiVersion>
    <availableInTouch>false</availableInTouch>
    <confirmationTokenRequired>false</confirmationTokenRequired>
    <label>ExchangeRates</label>
    <packageVersions>
        <majorNumber>1</majorNumber>
        <minorNumber>15</minorNumber>
        <namespace>FN</namespace>
    </packageVersions>
    <packageVersions>
        <majorNumber>1</majorNumber>
        <minorNumber>1</minorNumber>
        <namespace>Mariposa</namespace>
    </packageVersions>
    <packageVersions>
        <majorNumber>1</majorNumber>
        <minorNumber>17</minorNumber>
        <namespace>al</namespace>
    </packageVersions>
    <packageVersions>
        <majorNumber>1</majorNumber>
        <minorNumber>6</minorNumber>
        <namespace>halfmoonbay</namespace>
    </packageVersions>
    <packageVersions>
        <majorNumber>1</majorNumber>
        <minorNumber>7</minorNumber>
        <namespace>sf_com_apps</namespace>
    </packageVersions>
</ApexPage>
